"Message",Low,"Starting .NET Native compilation"
"Message",Low,""
"Message",Low,""
"Message",Low,"Task ""Gatekeeper"""
"Message",Normal,"Launching 'C:\Program Files (x86)\Microsoft SDKs\UWPNuGetPackages\runtime.win10-arm64.microsoft.net.native.compiler\2.2.1\tools\ARM64\ilc\ilc.exe --gatekeeper @""C:\Users\lpp\source\repos\hs_autonet\homeCenterGUI\obj\ARM64\Debug\ilc\intermediate\gkargs.rsp""'"
"Message",Low,"Microsoft (R) .NET Native Gatekeeper Version 2.2.27015.02 "
"Message",Low,"Copyright (C) Microsoft Corporation.  All rights reserved. "
"Message",Low," "
"Message",Low,"ILCTelemetry: System.ArgumentException: Could not deserialize to TelemetrySession object"
"Message",Low,"������: serializedSession ---> System.Runtime.Serialization.SerializationException: �����л����� �������� Microsoft.VisualStudio.Telemetry.TelemetrySessionSettings ʱ���ִ�����Ҫ��ǡ�""�������ҵ���I���� ---> System.Xml.XmlException: ��Ҫ��ǡ�""�������ҵ���I����"
"Message",Low,"   �� System.Xml.XmlExceptionHelper.ThrowXmlException(XmlDictionaryReader reader, String res, String arg1, String arg2, String arg3)"
"Message",Low,"   �� System.Runtime.Serialization.Json.XmlJsonReader.ReadServerTypeAttribute(Boolean consumedObjectChar)"
"Message",Low,"   �� System.Runtime.Serialization.Json.XmlJsonReader.ReadAttributes()"
"Message",Low,"   �� System.Runtime.Serialization.Json.XmlJsonReader.ReadNonExistentElementName(StringHandleConstStringType elementName)"
"Message",Low,"   �� System.Runtime.Serialization.Json.XmlJsonReader.Read()"
"Message",Low,"   �� System.Xml.XmlBaseReader.IsStartElement()"
"Message",Low,"   �� System.Xml.XmlBaseReader.IsStartElement(XmlDictionaryString localName, XmlDictionaryString namespaceUri)"
"Message",Low,"   �� System.Runtime.Serialization.XmlReaderDelegator.IsStartElement(XmlDictionaryString localname, XmlDictionaryString ns)"
"Message",Low,"   �� System.Runtime.Serialization.XmlObjectSerializer.IsRootElement(XmlReaderDelegator reader, DataContract contract, XmlDictionaryString name, XmlDictionaryString ns)"
"Message",Low,"   �� System.Runtime.Serialization.Json.DataContractJsonSerializer.InternalIsStartObject(XmlReaderDelegator reader)"
"Message",Low,"   �� System.Runtime.Serialization.Json.DataContractJsonSerializer.InternalReadObject(XmlReaderDelegator xmlReader, Boolean verifyObjectName)"
"Message",Low,"   �� System.Runtime.Serialization.XmlObjectSerializer.InternalReadObject(XmlReaderDelegator reader, Boolean verifyObjectName, DataContractResolver dataContractResolver)"
"Message",Low,"   �� System.Runtime.Serialization.XmlObjectSerializer.ReadObjectHandleExceptions(XmlReaderDelegator reader, Boolean verifyObjectName, DataContractResolver dataContractResolver)"
"Message",Low,"   --- �ڲ��쳣��ջ���ٵĽ�β ---"
"Message",Low,"   �� System.Runtime.Serialization.XmlObjectSerializer.ReadObjectHandleExceptions(XmlReaderDelegator reader, Boolean verifyObjectName, DataContractResolver dataContractResolver)"
"Message",Low,"   �� System.Runtime.Serialization.Json.DataContractJsonSerializer.ReadObject(XmlDictionaryReader reader)"
"Message",Low,"   �� System.Runtime.Serialization.Json.DataContractJsonSerializer.ReadObject(Stream stream)"
"Message",Low,"   �� Microsoft.VisualStudio.Telemetry.TelemetrySessionSettings.Deserialize(String settings)"
"Message",Low,"   �� Microsoft.VisualStudio.Telemetry.TelemetrySessionSettings.Parse(String serializedSession)"
"Message",Low,"   --- �ڲ��쳣��ջ���ٵĽ�β ---"
"Message",Low,"   �� Microsoft.VisualStudio.Telemetry.TelemetrySessionSettings.Parse(String serializedSession)"
"Message",Low,"   �� ILCTelemetry.Program.ReadEvents()"
"Message",Low,"   �� ILCTelemetry.Program.Main(String[] args)"
"Message",Low,"Checking assembly 'C:\Users\lpp\source\repos\hs_autonet\homeCenterGUI\obj\ARM64\Debug\ilc\in\homeCenterGUI.exe'. "
"Message",Normal,"'C:\Program Files (x86)\Microsoft SDKs\UWPNuGetPackages\runtime.win10-arm64.microsoft.net.native.compiler\2.2.1\tools\ARM64\ilc\ilc.exe --gatekeeper @""C:\Users\lpp\source\repos\hs_autonet\homeCenterGUI\obj\ARM64\Debug\ilc\intermediate\gkargs.rsp""' completed."
"Message",Normal,"Process execution statistics (all times in milliseconds)"
"Message",Normal,"-----------------------------------------------------------------------------"
"Message",Normal,"launch  |  start   |   stop   |   end    | duration | lifetime | [slot] name"
"Message",Normal,"-----------------------------------------------------------------------------"
"Message",Normal,"       0 |        0 |      188 |      188 |      188 |      188 | [0] Gatekeeper"
"Message",Normal,"Number of commands:      1"
"Message",Normal,"Total system time:       188 ms"
"Message",Normal,"System time per command: 188 ms"
"Message",Normal,"Total duration:          188 ms"
"Message",Normal,"Total lifetime:          188 ms"
"Message",Normal,"Requested DOP:           8"
"Message",Normal,"Duration DOP:            1.0"
"Message",Normal,"Lifetime DOP:            1.0"
"Message",Low,"Done executing task ""Gatekeeper""."
"Message",Low,"Done building target ""RunGatekeeper"" in file ""Preparation""."
"Message",Low,""
"Message",Low,"Done building target ""CreateToolchainGeneratedAssembly"" in file ""Preparation""."
"Message",Low,""
"Message",Low,"Task ""PreMergeAssemblyClosure"""
"Message",Low,"Done executing task ""PreMergeAssemblyClosure""."
"Message",Low,"Done building target ""ConstructPreMergeAssemblyClosure"" in file ""Preparation""."
"Message",Low,""
"Message",Low,"Task ""McgReferenceResolveFilePath"""
"Message",Low,"Done executing task ""McgReferenceResolveFilePath""."
"Message",Low,"Done building target ""PreResolveTransforms"" in file ""Preparation""."
"Message",Low,""
"Message",Low,"Task ""ResolveToolchainRequiredAssemblyRoots"""
"Message",Low,"Done executing task ""ResolveToolchainRequiredAssemblyRoots""."
"Message",Low,"Task ""ILTransformAssemblyClosure"""
"Message",Low,"Done executing task ""ILTransformAssemblyClosure""."
"Message",Low,"Task ""ResolveToolchainRequiredAssemblyRoots"""
"Message",Low,"Done executing task ""ResolveToolchainRequiredAssemblyRoots""."
"Message",Low,"Task ""ReducedCopyAssemblyClosure"""
"Message",Low,"Done executing task ""ReducedCopyAssemblyClosure""."
"Message",Low,"Done building target ""ConstructILTransformAssemblyClosure"" in file ""Preparation""."
"Message",Low,"Done building project ""Preparation""."
"Message",Low,""
"Message",Low,""
"Message",High,"Processing application code"
"Message",Low,"Task ""RunILTransforms"""
"Message",Normal,"Running 'DumpNativeResources' transform, heap at 25 MB."
"Message",Normal,"Running 'Analysis' transform, heap at 40 MB."
"Message",Low,"Loading 46 modules..."
"Message",Normal,"Imported reflection directives from 7 files:"
"Message",Normal,"C:\Users\lpp\source\repos\hs_autonet\homeCenterGUI\obj\ARM64\Debug\ilc\in\Properties\Default.rd.xml"
"Message",Normal,"Embedded manifest in System.Private.Interop: Resources.System.Private.Interop.rd.xml"
"Message",Normal,"Embedded manifest in System.Private.WinRTInterop.CoreLib: Resources.System.Private.WinRTInterop.CoreLib.rd.xml"
"Message",Normal,"Embedded manifest in System.Runtime.WindowsRuntime.UI.Xaml: Resources.System.Runtime.WindowsRuntime.UI.Xaml.rd.xml"
"Message",Normal,"Embedded manifest in System.Private.CoreLib: Resources.System.Private.CoreLib.rd.xml"
"Message",Normal,"Embedded manifest in System.Private.Uri: Resources.System.Private.Uri.rd.xml"
"Message",Normal,"Embedded manifest in System.Private.Reflection.Core: System.Private.Reflection.Core.rd.xml"
"Message",Normal,"Imported XAML Roots from 1 files:"
"Message",Normal,"C:\Users\lpp\source\repos\hs_autonet\homeCenterGUI\obj\ARM64\Debug\ilc\in\homeCenterGUI.xr.xml"
"Message",Normal,"Running 'Mcg' transform, heap at 179 MB."
"Message",High,"Computing application closure and generating interop code"
"Message",Normal,"  List of .lib files:"
"Message",Normal,"      WindowsApp.lib"
"Message",Normal,"      winsqlite3.lib"
"Message",Normal,"  List of .lib search paths:"
"Message",Normal,"      E:\Windows Kits\10\lib\10.0.17763.0\um\arm64"
"Message",Normal,"  Loading exports from libs..."
"Message",Normal,"      3234 exports read from 'E:\Windows Kits\10\lib\10.0.17763.0\um\arm64\WindowsApp.lib'."
"Message",Normal,"      248 exports read from 'E:\Windows Kits\10\lib\10.0.17763.0\um\arm64\winsqlite3.lib'."
"Message",High,"  Loading 46 modules..."
"Message",Normal,"          P/Invoke 'RhpGetFuncEvalParameterBufferSize' with [DllImport(ExactSpelling=true)] resolved to '[MRT]!RhpGetFuncEvalParameterBufferSize'."
"Message",Normal,"          P/Invoke 'RhpGetFuncEvalMode' with [DllImport(ExactSpelling=true)] resolved to '[MRT]!RhpGetFuncEvalMode'."
"Message",Normal,"          P/Invoke 'RhpRecordDebuggeeInitiatedHandle' with [DllImport(ExactSpelling=true)] resolved to '[MRT]!RhpRecordDebuggeeInitiatedHandle'."
"Message",Normal,"          P/Invoke 'RhpVerifyDebuggerCleanup' with [DllImport(ExactSpelling=true)] resolved to '[MRT]!RhpVerifyDebuggerCleanup'."
"Message",Normal,"          P/Invoke 'RhpGetCurrentThread' with [DllImport(ExactSpelling=true)] resolved to '[MRT]!RhpGetCurrentThread'."
"Message",Normal,"          P/Invoke 'RhWaitForPendingFinalizers' with [DllImport(ExactSpelling=true)] resolved to '[MRT]!RhWaitForPendingFinalizers'."
"Message",Normal,"          P/Invoke 'RhYield' with [DllImport(ExactSpelling=true)] resolved to '[MRT]!RhYield'."
"Message",Normal,"          P/Invoke 'RhFlushProcessWriteBuffers' with [DllImport(ExactSpelling=true)] resolved to '[MRT]!RhFlushProcessWriteBuffers'."
"Message",Normal,"          P/Invoke 'RhCompatibleReentrantWaitAny' with [DllImport(ExactSpelling=true)] resolved to '[MRT]!RhCompatibleReentrantWaitAny'."
"Message",Normal,"          P/Invoke 'RhCallDescrWorker' with [DllImport(ExactSpelling=true)] resolved to '[MRT]!RhCallDescrWorker'."
"Message",Normal,"          P/Invoke '_ecvt_s' with [DllImport(ExactSpelling=true)] resolved to '[MRT]!_ecvt_s'."
"Message",Normal,"          P/Invoke 'memmove' with [DllImport(ExactSpelling=true)] resolved to '[MRT]!memmove'."
"Message",Normal,"          P/Invoke 'memset' with [DllImport(ExactSpelling=true)] resolved to '[MRT]!memset'."
"Message",Normal,"          P/Invoke 'CallingConventionConverter_GetStubs' with [DllImport(ExactSpelling=true)] resolved to '*!CallingConventionConverter_GetStubs'."
"Message",Normal,"          P/Invoke 'WindowsCreateStringReference' resolved to 'WindowsCreateStringReference!api-ms-win-core-winrt-string-l1-1-0.dll' from 'E:\Windows Kits\10\lib\10.0.17763.0\um\arm64\WindowsApp.lib'."
"Message",Normal,"          P/Invoke 'GetLastError' resolved to 'GetLastError!api-ms-win-core-errorhandling-l1-1-0.dll' from 'E:\Windows Kits\10\lib\10.0.17763.0\um\arm64\WindowsApp.lib'."
"Message",Normal,"          P/Invoke 'SetLastError' resolved to 'SetLastError!api-ms-win-core-errorhandling-l1-1-0.dll' from 'E:\Windows Kits\10\lib\10.0.17763.0\um\arm64\WindowsApp.lib'."
"Message",Normal,"          P/Invoke 'RoInitialize' resolved to 'RoInitialize!api-ms-win-core-winrt-l1-1-0.dll' from 'E:\Windows Kits\10\lib\10.0.17763.0\um\arm64\WindowsApp.lib'."
"Message",Normal,"          P/Invoke 'IsValidLocaleName' resolved to 'IsValidLocaleName!api-ms-win-core-localization-l1-2-0.dll' from 'E:\Windows Kits\10\lib\10.0.17763.0\um\arm64\WindowsApp.lib'."
"Message",Normal,"          P/Invoke 'ResolveLocaleName' resolved to 'ResolveLocaleName!api-ms-win-core-localization-l1-2-0.dll' from 'E:\Windows Kits\10\lib\10.0.17763.0\um\arm64\WindowsApp.lib'."
"Message",Normal,"          P/Invoke 'GetCPInfoExW' resolved to 'GetCPInfoExW!api-ms-win-core-localization-l1-2-0.dll' from 'E:\Windows Kits\10\lib\10.0.17763.0\um\arm64\WindowsApp.lib'."
"Message",Normal,"          P/Invoke 'CoCreateInstance' with [DllImport(ExactSpelling=true)] resolved to 'api-ms-win-core-com-l1-1-0.dll!CoCreateInstance'."
"Message",Normal,"          P/Invoke '#6' resolved to '#6!oleaut32.dll' from 'E:\Windows Kits\10\lib\10.0.17763.0\um\arm64\WindowsApp.lib'."
"Message",Normal,"          P/Invoke 'RoGetBufferMarshaler' resolved to 'RoGetBufferMarshaler!api-ms-win-core-winrt-robuffer-l1-1-0.dll' from 'E:\Windows Kits\10\lib\10.0.17763.0\um\arm64\WindowsApp.lib'."
"Message",High,"  Generating code..."
"Message",High,"  Interop code generated."
"Message",Normal,"  Written code to AssemblyInfo.g.cs"
"Message",Normal,"  Written code to Adapters.g.cs"
"Message",Normal,"  Written code to Data.g.cs"
"Message",Normal,"  Written code to Helpers.g.cs"
"Message",Normal,"  Written code to ImplTypes.g.cs"
"Message",Normal,"  Written code to PInvoke.g.cs"
"Message",Normal,"  Written code to SafeTypes.g.cs"
"Message",Normal,"  Written code to SharedStubs.g.cs"
"Message",Normal,"Running 'GenerateCodeAndCompile' transform, heap at 149 MB."
"Message",High,"Compiling interop code"
"Message",Normal,"Compiling generated source code: C:\Program Files (x86)\Microsoft SDKs\UWPNuGetPackages\microsoft.net.native.compiler\2.2.1\tools\csc\csc.exe /noconfig @""C:\Users\lpp\source\repos\hs_autonet\homeCenterGUI\obj\ARM64\Debug\ilc\intermediate\homeCenterGUI.McgInterop.rsp"""
"Message",High,"Generating System.Reflection.DispatchProxy proxy code."
"Message",Normal,"Running 'ReducedCopyInitialize' transform, heap at 149 MB."
"Message",Normal,"Running 'ReducedCopyEmptyTypes' transform, heap at 165 MB."
"Message",Normal,"Running 'ReducedCopyPopulateTypes' transform, heap at 167 MB."
"Message",Normal,"Running 'ReducedCopyLateMetadata' transform, heap at 175 MB."
"Message",Normal,"Running 'ReducedCopyPassResourcesToMutableAssembly' transform, heap at 186 MB."
"Message",Normal,"Running 'ReducedCopyMethodBodies' transform, heap at 186 MB."
"Message",Normal,"Running 'ReducedCopyComplete' transform, heap at 199 MB."
"Message",Normal,"Running 'ReducedCopyCleanup' transform, heap at 173 MB."
"Message",Normal,"Running 'ComImportDetector' transform, heap at 34 MB."
"Message",Normal,"Running 'McgAccessor' transform, heap at 34 MB."
"Message",Normal,"Running 'McgRedirect' transform, heap at 34 MB."
"Message",Normal,"Running 'McgRedirect' transform, heap at 35 MB."
"Message",Normal,"Running 'McgTypeOf' transform, heap at 36 MB."
"Message",Normal,"Running 'EventSource' transform, heap at 38 MB."
"Message",Normal,"Running 'ValueType' transform, heap at 38 MB."
"Message",Normal,"Running 'Attribute' transform, heap at 38 MB."
"Message",Normal,"Running 'GetType' transform, heap at 38 MB."
"Message",Normal,"Running 'McgFixups' transform, heap at 39 MB."
"Message",Normal,"Running 'ResourceManagerCtor' transform, heap at 40 MB."
"Message",Normal,"Running 'TypeofTypeHandle' transform, heap at 40 MB."
"Message",Normal,"Running 'DispatchProxyIntrinsics' transform, heap at 43 MB."
"Message",Normal,"Running 'StaticInitData' transform, heap at 43 MB."
"Message",Normal,"Running 'Delegate' transform, heap at 49 MB."
"Message",Normal,"Running 'LazyGenerics' transform, heap at 50 MB."
"Message",Normal,"Running 'AddReflectionBlockedAttributes' transform, heap at 54 MB."
"Message",Normal,"Running 'DisableOptimization' transform, heap at 54 MB."
"Message",Normal,"Running 'ResourceExtractor' transform, heap at 54 MB."
"Message",Normal,"Running 'CreateMetadata' transform, heap at 54 MB."
"Message",Normal,"Running 'StartupCodeInjector' transform, heap at 61 MB."
"Message",Normal,"Running 'SaveRVAStatics' transform, heap at 61 MB."
"Message",Normal,"Running 'ReflectionInvoke' transform, heap at 62 MB."
"Message",Normal,"Running 'ScrubOpenCalls' transform, heap at 62 MB."
"Message",Normal,"Running 'ConvertCatchIntoFilter' transform, heap at 62 MB."
"Message",Normal,"Running 'ReflectionMappingInfoEmit' transform, heap at 62 MB."
"Message",Normal,"Running 'ReflectionIntrinsics' transform, heap at 63 MB."
"Message",Normal,"Running 'ConvertManagedWinMD' transform, heap at 63 MB."
"Message",Normal,"Running 'DebuggerGuidedStepThroughJmc' transform, heap at 63 MB."
"Message",Normal,"Running 'Reducer' transform, heap at 64 MB."
"Message",High,"Cleaning up unreferenced code"
"Message",Normal,"Running 'WriteAssemblies' transform, heap at 92 MB."
"Message",Normal,""
"Message",Normal,"Transform summary"
"Message",Normal,"    ms | heap delta | name"
"Message",Normal,"  4565 |        139 | Analysis"
"Message",Normal,"  1241 |          0 | GenerateCodeAndCompile"
"Message",Normal,"   777 |        -30 | Mcg"
"Message",Normal,"   771 |         21 | WriteAssemblies"
"Message",Normal,"   387 |        -26 | ReducedCopyComplete"
"Message",Normal,"   255 |         28 | Reducer"
"Message",Normal,"   207 |         16 | ReducedCopyInitialize"
"Message",Normal,"   110 |         15 | DumpNativeResources"
"Message",Normal,"    72 |         13 | ReducedCopyMethodBodies"
"Message",Normal,"    67 |          8 | ReducedCopyPopulateTypes"
"Message",Normal,"    64 |          7 | CreateMetadata"
"Message",Normal,"    60 |         11 | ReducedCopyLateMetadata"
"Message",Normal,"    43 |       -139 | ReducedCopyCleanup"
"Message",Normal,"    27 |          1 | McgRedirect"
"Message",Normal,"    26 |          2 | McgTypeOf"
"Message",Normal,"    25 |          4 | LazyGenerics"
"Message",Normal,"    23 |          6 | StaticInitData"
"Message",Normal,"    23 |          3 | TypeofTypeHandle"
"Message",Normal,"    15 |          1 | McgRedirect"
"Message",Normal,"     8 |          1 | SaveRVAStatics"
"Message",Normal,"     7 |          1 | DebuggerGuidedStepThroughJmc"
"Message",Normal,"     6 |          1 | McgFixups"
"Message",Normal,"     6 |          2 | ReducedCopyEmptyTypes"
"Message",Normal,"     5 |          1 | GetType"
"Message",Normal,"     3 |          0 | DispatchProxyIntrinsics"
"Message",Normal,"     2 |          1 | Delegate"
"Message",Normal,"     2 |          0 | ReflectionIntrinsics"
"Message",Normal,"     2 |          0 | McgAccessor"
"Message",Normal,"     2 |          0 | ScrubOpenCalls"
"Message",Normal,"     1 |          1 | ReflectionMappingInfoEmit"
"Message",Normal,"     1 |          0 | ConvertCatchIntoFilter"
"Message",Normal,"     1 |          0 | EventSource"
"Message",Normal,"     0 |          0 | ResourceManagerCtor"
"Message",Normal,"     0 |          0 | ComImportDetector"
"Message",Normal,"     0 |          0 | ConvertManagedWinMD"
"Message",Normal,"     0 |          0 | StartupCodeInjector"
"Message",Normal,"     0 |          0 | ResourceExtractor"
"Message",Normal,"     0 |          0 | DisableOptimization"
"Message",Normal,"     0 |          0 | AddReflectionBlockedAttributes"
"Message",Normal,"     0 |          0 | ValueType"
"Message",Normal,"     0 |          0 | Attribute"
"Message",Normal,"     0 |          0 | ReflectionInvoke"
"Message",Normal,"     0 |          0 | ReducedCopyPassResourcesToMutableAssembly"
"Message",Low,"Done executing task ""RunILTransforms""."
"Message",Low,"Done building target ""RunILTransforms"" in file ""ILTransforms""."
"Message",Low,"Done building project ""ILTransforms""."
"Message",Low,""
"Message",Low,""
"Message",Low,"Done building target ""GenerateMDIL"" in file ""Nutc""."
"Message",Low,""
"Message",High,"Generating native code"
"Message",Low,"Done building target ""MDILPrepareMultiFile"" in file ""Nutc""."
"Message",Low,""
"Message",Low,"Done building target ""SetBinaryForReferences"" in file ""Nutc""."
"Message",Low,""
"Message",Low,"Task ""GenerateMDILGlobalAnalysis"""
"Message",Normal,"Launching 'C:\Program Files (x86)\Microsoft SDKs\UWPNuGetPackages\runtime.win10-arm64.microsoft.net.native.compiler\2.2.1\tools\ARM64\ilc\Tools64\nutc_driver.exe @""C:\Users\lpp\source\repos\hs_autonet\homeCenterGUI\obj\ARM64\Debug\ilc\intermediate\MDIL\homeCenterGUI.rsp""'"
"Message",Low,"Assembly path: ILCompiler.Host.dll"
"Message",Low,"Managed type:  ILCompiler.ILCompilerHost"
"Message",Low,"Method name:   Initialize"
"Message",Low,"Arguments:     00007FFD16FC29E0"
"Message",Low,"Managed call succeeded, exit code: 00000000"
"Message",Low,"Scanning 599 methods."
"Message",Low,"Scanning 2129 methods."
"Message",Low,"Scanning 921 methods."
"Message",Low,"Scanning 264 methods."
"Message",Low,"Scanning 233 methods."
"Message",Low,"Scanning 150 methods."
"Message",Low,"Scanning 103 methods."
"Message",Low,"Scanning 164 methods."
"Message",Low,"Scanning 186 methods."
"Message",Low,"Scanning 89 methods."
"Message",Low,"Scanning 15 methods."
"Message",Low,"Scanning 8 methods."
"Message",Low,"Scanning 2 methods."
"Message",Low,"Scanning 6 methods."
"Message",Low,"Scanning 20 methods."
"Message",Low,"Scanning 4 methods."
"Message",Low,"Scanning 2 methods."
"Message",Low,"Scanning 5 methods."
"Message",Low,"Compiling 4900 methods."
"Message",Low,"Emitting Object File"
"Message",Low,"Successfully generated 'C:\Users\lpp\source\repos\hs_autonet\homeCenterGUI\obj\ARM64\Debug\ilc\intermediate\MDIL\homeCenterGUI.obj'"
"Message",Low,"Microsoft (R) MDIL Compiler - Version 2.2.27015.02"
"Message",Low,"Copyright (c) Microsoft Corporation.  All rights reserved."
"Message",Normal,"'C:\Program Files (x86)\Microsoft SDKs\UWPNuGetPackages\runtime.win10-arm64.microsoft.net.native.compiler\2.2.1\tools\ARM64\ilc\Tools64\nutc_driver.exe @""C:\Users\lpp\source\repos\hs_autonet\homeCenterGUI\obj\ARM64\Debug\ilc\intermediate\MDIL\homeCenterGUI.rsp""' completed."
"Message",Normal,"Process execution statistics (all times in milliseconds)"
"Message",Normal,"-----------------------------------------------------------------------------"
"Message",Normal,"launch  |  start   |   stop   |   end    | duration | lifetime | [slot] name"
"Message",Normal,"-----------------------------------------------------------------------------"
"Message",Normal,"       0 |       16 |     5094 |     5094 |     5078 |     5094 | [0] Nutc GlobalAnalysis"
"Message",Normal,"Number of commands:      1"
"Message",Normal,"Total system time:       5094 ms"
"Message",Normal,"System time per command: 5094 ms"
"Message",Normal,"Total duration:          5078 ms"
"Message",Normal,"Total lifetime:          5094 ms"
"Message",Normal,"Requested DOP:           8"
"Message",Normal,"Duration DOP:            1.0"
"Message",Normal,"Lifetime DOP:            1.0"
"Message",Low,"Done executing task ""GenerateMDILGlobalAnalysis""."
"Message",Low,"Done building target ""GenerateMDILGlobalAnalysis"" in file ""Nutc""."
"Message",Low,""
"Message",Low,"Task ""rc"""
"Message",Normal,"Launching 'E:\Windows Kits\10\bin\10.0.17763.0\x64\rc.exe /c ""65001"" /r /fo ""C:\Users\lpp\source\repos\hs_autonet\homeCenterGUI\obj\ARM64\Debug\ilc\intermediate\BuildInfo\BuildInfo.res"" ""C:\Users\lpp\source\repos\hs_autonet\homeCenterGUI\obj\ARM64\Debug\ilc\intermediate\BuildInfo\BuildInfo.rc""'"
"Message",Low,"Microsoft (R) Windows (R) Resource Compiler Version 10.0.10011.16384"
"Message",Low,"Copyright (C) Microsoft Corporation.  All rights reserved."
"Message",Normal,"'E:\Windows Kits\10\bin\10.0.17763.0\x64\rc.exe /c ""65001"" /r /fo ""C:\Users\lpp\source\repos\hs_autonet\homeCenterGUI\obj\ARM64\Debug\ilc\intermediate\BuildInfo\BuildInfo.res"" ""C:\Users\lpp\source\repos\hs_autonet\homeCenterGUI\obj\ARM64\Debug\ilc\intermediate\BuildInfo\BuildInfo.rc""' completed."
"Message",Normal,"Process execution statistics (all times in milliseconds)"
"Message",Normal,"-----------------------------------------------------------------------------"
"Message",Normal,"launch  |  start   |   stop   |   end    | duration | lifetime | [slot] name"
"Message",Normal,"-----------------------------------------------------------------------------"
"Message",Normal,"       0 |       15 |       47 |       47 |       32 |       47 | [0] rc"
"Message",Normal,"Number of commands:      1"
"Message",Normal,"Total system time:       47 ms"
"Message",Normal,"System time per command: 47 ms"
"Message",Normal,"Total duration:          32 ms"
"Message",Normal,"Total lifetime:          47 ms"
"Message",Normal,"Requested DOP:           8"
"Message",Normal,"Duration DOP:            0.7"
"Message",Normal,"Lifetime DOP:            1.0"
"Message",Low,"Done executing task ""rc""."
"Message",Low,"Task ""ResourceBinaryConcatenate"""
"Message",Normal,"Concatenating into 'C:\Users\lpp\source\repos\hs_autonet\homeCenterGUI\obj\ARM64\Debug\ilc\intermediate\Native.res' with alignment '4'."
"Message",Normal," Added 'C:\Users\lpp\source\repos\hs_autonet\homeCenterGUI\obj\ARM64\Debug\ilc\intermediate\ILTransformed\homeCenterGUI.res' at offset 0."
"Message",Normal," Added 'C:\Users\lpp\source\repos\hs_autonet\homeCenterGUI\obj\ARM64\Debug\ilc\intermediate\BuildInfo\BuildInfo.res' at offset 1416."
"Message",Low,"Done executing task ""ResourceBinaryConcatenate""."
"Message",Low,"Done building target ""GenerateBuildInfo"" in file ""Nutc""."
"Message",Low,"Done building project ""Nutc""."
"Message",Low,""
"Message",Low,""
"Message",Low,"Task ""Lib"""
"Message",Normal,"Launching 'C:\Program Files (x86)\Microsoft SDKs\UWPNuGetPackages\runtime.win10-arm64.microsoft.net.native.compiler\2.2.1\tools\ARM64\ilc\tools\link\link.exe /LIB /MACHINE:arm64 /DEF:""C:\Users\lpp\source\repos\hs_autonet\homeCenterGUI\obj\ARM64\Debug\ilc\intermediate\MDIL\api-ms-win-core-com-l1-1-0.def"" /OUT:""C:\Users\lpp\source\repos\hs_autonet\homeCenterGUI\obj\ARM64\Debug\ilc\intermediate\MDIL\api-ms-win-core-com-l1-1-0.lib""'"
"Message",Normal,"Launching 'C:\Program Files (x86)\Microsoft SDKs\UWPNuGetPackages\runtime.win10-arm64.microsoft.net.native.compiler\2.2.1\tools\ARM64\ilc\tools\link\link.exe /LIB /MACHINE:arm64 /DEF:""C:\Users\lpp\source\repos\hs_autonet\homeCenterGUI\obj\ARM64\Debug\ilc\intermediate\MDIL\api-ms-win-core-localization-l1-2-0.def"" /OUT:""C:\Users\lpp\source\repos\hs_autonet\homeCenterGUI\obj\ARM64\Debug\ilc\intermediate\MDIL\api-ms-win-core-localization-l1-2-0.lib""'"
"Message",Normal,"Launching 'C:\Program Files (x86)\Microsoft SDKs\UWPNuGetPackages\runtime.win10-arm64.microsoft.net.native.compiler\2.2.1\tools\ARM64\ilc\tools\link\link.exe /LIB /MACHINE:arm64 /DEF:""C:\Users\lpp\source\repos\hs_autonet\homeCenterGUI\obj\ARM64\Debug\ilc\intermediate\MDIL\api-ms-win-core-winrt-l1-1-0.def"" /OUT:""C:\Users\lpp\source\repos\hs_autonet\homeCenterGUI\obj\ARM64\Debug\ilc\intermediate\MDIL\api-ms-win-core-winrt-l1-1-0.lib""'"
"Message",Normal,"Launching 'C:\Program Files (x86)\Microsoft SDKs\UWPNuGetPackages\runtime.win10-arm64.microsoft.net.native.compiler\2.2.1\tools\ARM64\ilc\tools\link\link.exe /LIB /MACHINE:arm64 /DEF:""C:\Users\lpp\source\repos\hs_autonet\homeCenterGUI\obj\ARM64\Debug\ilc\intermediate\MDIL\api-ms-win-core-winrt-robuffer-l1-1-0.def"" /OUT:""C:\Users\lpp\source\repos\hs_autonet\homeCenterGUI\obj\ARM64\Debug\ilc\intermediate\MDIL\api-ms-win-core-winrt-robuffer-l1-1-0.lib""'"
"Message",Normal,"Launching 'C:\Program Files (x86)\Microsoft SDKs\UWPNuGetPackages\runtime.win10-arm64.microsoft.net.native.compiler\2.2.1\tools\ARM64\ilc\tools\link\link.exe /LIB /MACHINE:arm64 /DEF:""C:\Users\lpp\source\repos\hs_autonet\homeCenterGUI\obj\ARM64\Debug\ilc\intermediate\MDIL\api-ms-win-core-winrt-string-l1-1-0.def"" /OUT:""C:\Users\lpp\source\repos\hs_autonet\homeCenterGUI\obj\ARM64\Debug\ilc\intermediate\MDIL\api-ms-win-core-winrt-string-l1-1-0.lib""'"
"Message",Normal,"Launching 'C:\Program Files (x86)\Microsoft SDKs\UWPNuGetPackages\runtime.win10-arm64.microsoft.net.native.compiler\2.2.1\tools\ARM64\ilc\tools\link\link.exe /LIB /MACHINE:arm64 /DEF:""C:\Users\lpp\source\repos\hs_autonet\homeCenterGUI\obj\ARM64\Debug\ilc\intermediate\MDIL\oleaut32.def"" /OUT:""C:\Users\lpp\source\repos\hs_autonet\homeCenterGUI\obj\ARM64\Debug\ilc\intermediate\MDIL\oleaut32.lib""'"
"Message",Low,"Microsoft (R) Library Manager Version 14.15.26727.0__Copyright (C) Microsoft Corporation.  All rights reserved.____   Creating library C:\Users\lpp\source\repos\hs_autonet\homeCenterGUI\obj\ARM64\Debug\ilc\intermediate\MDIL\api-ms-win-core-localization-l1-2-0.lib and object C:\Users\lpp\source\repos\hs_autonet\homeCenterGUI\obj\ARM64\Debug\ilc\intermediate\MDIL\api-ms-win-core-localization-l1-2-0.exp__"
"Message",Normal,"'C:\Program Files (x86)\Microsoft SDKs\UWPNuGetPackages\runtime.win10-arm64.microsoft.net.native.compiler\2.2.1\tools\ARM64\ilc\tools\link\link.exe /LIB /MACHINE:arm64 /DEF:""C:\Users\lpp\source\repos\hs_autonet\homeCenterGUI\obj\ARM64\Debug\ilc\intermediate\MDIL\api-ms-win-core-localization-l1-2-0.def"" /OUT:""C:\Users\lpp\source\repos\hs_autonet\homeCenterGUI\obj\ARM64\Debug\ilc\intermediate\MDIL\api-ms-win-core-localization-l1-2-0.lib""' completed."
"Message",Low,"Microsoft (R) Library Manager Version 14.15.26727.0__Copyright (C) Microsoft Corporation.  All rights reserved.____   Creating library C:\Users\lpp\source\repos\hs_autonet\homeCenterGUI\obj\ARM64\Debug\ilc\intermediate\MDIL\api-ms-win-core-com-l1-1-0.lib and object C:\Users\lpp\source\repos\hs_autonet\homeCenterGUI\obj\ARM64\Debug\ilc\intermediate\MDIL\api-ms-win-core-com-l1-1-0.exp__"
"Message",Normal,"'C:\Program Files (x86)\Microsoft SDKs\UWPNuGetPackages\runtime.win10-arm64.microsoft.net.native.compiler\2.2.1\tools\ARM64\ilc\tools\link\link.exe /LIB /MACHINE:arm64 /DEF:""C:\Users\lpp\source\repos\hs_autonet\homeCenterGUI\obj\ARM64\Debug\ilc\intermediate\MDIL\api-ms-win-core-com-l1-1-0.def"" /OUT:""C:\Users\lpp\source\repos\hs_autonet\homeCenterGUI\obj\ARM64\Debug\ilc\intermediate\MDIL\api-ms-win-core-com-l1-1-0.lib""' completed."
"Message",Low,"Microsoft (R) Library Manager Version 14.15.26727.0__Copyright (C) Microsoft Corporation.  All rights reserved.____   Creating library C:\Users\lpp\source\repos\hs_autonet\homeCenterGUI\obj\ARM64\Debug\ilc\intermediate\MDIL\api-ms-win-core-winrt-l1-1-0.lib and object C:\Users\lpp\source\repos\hs_autonet\homeCenterGUI\obj\ARM64\Debug\ilc\intermediate\MDIL\api-ms-win-core-winrt-l1-1-0.exp__"
"Message",Normal,"'C:\Program Files (x86)\Microsoft SDKs\UWPNuGetPackages\runtime.win10-arm64.microsoft.net.native.compiler\2.2.1\tools\ARM64\ilc\tools\link\link.exe /LIB /MACHINE:arm64 /DEF:""C:\Users\lpp\source\repos\hs_autonet\homeCenterGUI\obj\ARM64\Debug\ilc\intermediate\MDIL\api-ms-win-core-winrt-l1-1-0.def"" /OUT:""C:\Users\lpp\source\repos\hs_autonet\homeCenterGUI\obj\ARM64\Debug\ilc\intermediate\MDIL\api-ms-win-core-winrt-l1-1-0.lib""' completed."
"Message",Low,"Microsoft (R) Library Manager Version 14.15.26727.0__Copyright (C) Microsoft Corporation.  All rights reserved.____   Creating library C:\Users\lpp\source\repos\hs_autonet\homeCenterGUI\obj\ARM64\Debug\ilc\intermediate\MDIL\api-ms-win-core-winrt-robuffer-l1-1-0.lib and object C:\Users\lpp\source\repos\hs_autonet\homeCenterGUI\obj\ARM64\Debug\ilc\intermediate\MDIL\api-ms-win-core-winrt-robuffer-l1-1-0.exp__"
"Message",Normal,"'C:\Program Files (x86)\Microsoft SDKs\UWPNuGetPackages\runtime.win10-arm64.microsoft.net.native.compiler\2.2.1\tools\ARM64\ilc\tools\link\link.exe /LIB /MACHINE:arm64 /DEF:""C:\Users\lpp\source\repos\hs_autonet\homeCenterGUI\obj\ARM64\Debug\ilc\intermediate\MDIL\api-ms-win-core-winrt-robuffer-l1-1-0.def"" /OUT:""C:\Users\lpp\source\repos\hs_autonet\homeCenterGUI\obj\ARM64\Debug\ilc\intermediate\MDIL\api-ms-win-core-winrt-robuffer-l1-1-0.lib""' completed."
"Message",Low,"Microsoft (R) Library Manager Version 14.15.26727.0__Copyright (C) Microsoft Corporation.  All rights reserved.____   Creating library C:\Users\lpp\source\repos\hs_autonet\homeCenterGUI\obj\ARM64\Debug\ilc\intermediate\MDIL\api-ms-win-core-winrt-string-l1-1-0.lib and object C:\Users\lpp\source\repos\hs_autonet\homeCenterGUI\obj\ARM64\Debug\ilc\intermediate\MDIL\api-ms-win-core-winrt-string-l1-1-0.exp__"
"Message",Normal,"'C:\Program Files (x86)\Microsoft SDKs\UWPNuGetPackages\runtime.win10-arm64.microsoft.net.native.compiler\2.2.1\tools\ARM64\ilc\tools\link\link.exe /LIB /MACHINE:arm64 /DEF:""C:\Users\lpp\source\repos\hs_autonet\homeCenterGUI\obj\ARM64\Debug\ilc\intermediate\MDIL\api-ms-win-core-winrt-string-l1-1-0.def"" /OUT:""C:\Users\lpp\source\repos\hs_autonet\homeCenterGUI\obj\ARM64\Debug\ilc\intermediate\MDIL\api-ms-win-core-winrt-string-l1-1-0.lib""' completed."
"Message",Low,"Microsoft (R) Library Manager Version 14.15.26727.0__Copyright (C) Microsoft Corporation.  All rights reserved.____   Creating library C:\Users\lpp\source\repos\hs_autonet\homeCenterGUI\obj\ARM64\Debug\ilc\intermediate\MDIL\oleaut32.lib and object C:\Users\lpp\source\repos\hs_autonet\homeCenterGUI\obj\ARM64\Debug\ilc\intermediate\MDIL\oleaut32.exp__"
"Message",Normal,"'C:\Program Files (x86)\Microsoft SDKs\UWPNuGetPackages\runtime.win10-arm64.microsoft.net.native.compiler\2.2.1\tools\ARM64\ilc\tools\link\link.exe /LIB /MACHINE:arm64 /DEF:""C:\Users\lpp\source\repos\hs_autonet\homeCenterGUI\obj\ARM64\Debug\ilc\intermediate\MDIL\oleaut32.def"" /OUT:""C:\Users\lpp\source\repos\hs_autonet\homeCenterGUI\obj\ARM64\Debug\ilc\intermediate\MDIL\oleaut32.lib""' completed."
"Message",Normal,"Process execution statistics (all times in milliseconds)"
"Message",Normal,"-----------------------------------------------------------------------------"
"Message",Normal,"launch  |  start   |   stop   |   end    | duration | lifetime | [slot] name"
"Message",Normal,"-----------------------------------------------------------------------------"
"Message",Normal,"      15 |       15 |       31 |       31 |       16 |       16 | [1] C:\Program Files (x86)\Microsoft SDKs\UWPNuGetPackages\runtime.win10-arm64.microsoft.net.native.compiler\2.2.1\tools\ARM64\ilc\tools\link\link.exe /LIB /MACHINE:arm64 /DEF:""C:\Users\lpp\source\repos\hs_autonet\homeCenterGUI\obj\ARM64\Debug\ilc\intermediate\MDIL\api-ms-win-core-localization-l1-2-0.def"" /OUT:""C:\Users\lpp\source\repos\hs_autonet\homeCenterGUI\obj\ARM64\Debug\ilc\intermediate\MDIL\api-ms-win-core-localization-l1-2-0.lib"""
"Message",Normal,"       0 |       15 |       46 |       46 |       31 |       46 | [0] C:\Program Files (x86)\Microsoft SDKs\UWPNuGetPackages\runtime.win10-arm64.microsoft.net.native.compiler\2.2.1\tools\ARM64\ilc\tools\link\link.exe /LIB /MACHINE:arm64 /DEF:""C:\Users\lpp\source\repos\hs_autonet\homeCenterGUI\obj\ARM64\Debug\ilc\intermediate\MDIL\api-ms-win-core-com-l1-1-0.def"" /OUT:""C:\Users\lpp\source\repos\hs_autonet\homeCenterGUI\obj\ARM64\Debug\ilc\intermediate\MDIL\api-ms-win-core-com-l1-1-0.lib"""
"Message",Normal,"      15 |       15 |       46 |       46 |       31 |       31 | [2] C:\Program Files (x86)\Microsoft SDKs\UWPNuGetPackages\runtime.win10-arm64.microsoft.net.native.compiler\2.2.1\tools\ARM64\ilc\tools\link\link.exe /LIB /MACHINE:arm64 /DEF:""C:\Users\lpp\source\repos\hs_autonet\homeCenterGUI\obj\ARM64\Debug\ilc\intermediate\MDIL\api-ms-win-core-winrt-l1-1-0.def"" /OUT:""C:\Users\lpp\source\repos\hs_autonet\homeCenterGUI\obj\ARM64\Debug\ilc\intermediate\MDIL\api-ms-win-core-winrt-l1-1-0.lib"""
"Message",Normal,"      15 |       31 |       46 |       46 |       15 |       31 | [3] C:\Program Files (x86)\Microsoft SDKs\UWPNuGetPackages\runtime.win10-arm64.microsoft.net.native.compiler\2.2.1\tools\ARM64\ilc\tools\link\link.exe /LIB /MACHINE:arm64 /DEF:""C:\Users\lpp\source\repos\hs_autonet\homeCenterGUI\obj\ARM64\Debug\ilc\intermediate\MDIL\api-ms-win-core-winrt-robuffer-l1-1-0.def"" /OUT:""C:\Users\lpp\source\repos\hs_autonet\homeCenterGUI\obj\ARM64\Debug\ilc\intermediate\MDIL\api-ms-win-core-winrt-robuffer-l1-1-0.lib"""
"Message",Normal,"      31 |       31 |       46 |       46 |       15 |       15 | [4] C:\Program Files (x86)\Microsoft SDKs\UWPNuGetPackages\runtime.win10-arm64.microsoft.net.native.compiler\2.2.1\tools\ARM64\ilc\tools\link\link.exe /LIB /MACHINE:arm64 /DEF:""C:\Users\lpp\source\repos\hs_autonet\homeCenterGUI\obj\ARM64\Debug\ilc\intermediate\MDIL\api-ms-win-core-winrt-string-l1-1-0.def"" /OUT:""C:\Users\lpp\source\repos\hs_autonet\homeCenterGUI\obj\ARM64\Debug\ilc\intermediate\MDIL\api-ms-win-core-winrt-string-l1-1-0.lib"""
"Message",Normal,"      31 |       31 |       62 |       62 |       31 |       31 | [5] C:\Program Files (x86)\Microsoft SDKs\UWPNuGetPackages\runtime.win10-arm64.microsoft.net.native.compiler\2.2.1\tools\ARM64\ilc\tools\link\link.exe /LIB /MACHINE:arm64 /DEF:""C:\Users\lpp\source\repos\hs_autonet\homeCenterGUI\obj\ARM64\Debug\ilc\intermediate\MDIL\oleaut32.def"" /OUT:""C:\Users\lpp\source\repos\hs_autonet\homeCenterGUI\obj\ARM64\Debug\ilc\intermediate\MDIL\oleaut32.lib"""
"Message",Normal,"Number of commands:      6"
"Message",Normal,"Total system time:       62 ms"
"Message",Normal,"System time per command: 10 ms"
"Message",Normal,"Total duration:          139 ms"
"Message",Normal,"Total lifetime:          170 ms"
"Message",Normal,"Requested DOP:           8"
"Message",Normal,"Duration DOP:            2.2"
"Message",Normal,"Lifetime DOP:            2.7"
"Message",Low,"Done executing task ""Lib""."
"Message",Low,"Done building target ""GenerateImportLibs"" in file ""Binder""."
"Message",Low,""
"Message",High,"Generating fixups for native code"
"Message",Low,"Task ""LINK"""
"Message",Normal,"Launching 'C:\Program Files (x86)\Microsoft SDKs\UWPNuGetPackages\runtime.win10-arm64.microsoft.net.native.compiler\2.2.1\tools\ARM64\ilc\tools\link\link.exe @""C:\Users\lpp\source\repos\hs_autonet\homeCenterGUI\obj\ARM64\Debug\ilc\intermediate\linkargs.homeCenterGUI.rsp""'"
"Message",Low,"homeCenterGUI.obj : warning LNK4104: export of symbol 'DllGetClassObject' should be PRIVATE"
"Message",Low,"   Creating library C:\Users\lpp\source\repos\hs_autonet\homeCenterGUI\obj\ARM64\Debug\ilc\intermediate\Native\homeCenterGUI.lib and object C:\Users\lpp\source\repos\hs_autonet\homeCenterGUI\obj\ARM64\Debug\ilc\intermediate\Native\homeCenterGUI.exp"
"Message",Normal,"'C:\Program Files (x86)\Microsoft SDKs\UWPNuGetPackages\runtime.win10-arm64.microsoft.net.native.compiler\2.2.1\tools\ARM64\ilc\tools\link\link.exe @""C:\Users\lpp\source\repos\hs_autonet\homeCenterGUI\obj\ARM64\Debug\ilc\intermediate\linkargs.homeCenterGUI.rsp""' completed."
"Message",Normal,"Process execution statistics (all times in milliseconds)"
"Message",Normal,"-----------------------------------------------------------------------------"
"Message",Normal,"launch  |  start   |   stop   |   end    | duration | lifetime | [slot] name"
"Message",Normal,"-----------------------------------------------------------------------------"
"Message",Normal,"       0 |        0 |      344 |      344 |      344 |      344 | [0] link homeCenterGUI"
"Message",Normal,"Number of commands:      1"
"Message",Normal,"Total system time:       344 ms"
"Message",Normal,"System time per command: 344 ms"
"Message",Normal,"Total duration:          344 ms"
"Message",Normal,"Total lifetime:          344 ms"
"Message",Normal,"Requested DOP:           8"
"Message",Normal,"Duration DOP:            1.0"
"Message",Normal,"Lifetime DOP:            1.0"
"Message",Low,"Done executing task ""LINK""."
"Message",Low,"Task ""LINK"""
"Message",Normal,"Launching 'C:\Program Files (x86)\Microsoft SDKs\UWPNuGetPackages\runtime.win10-arm64.microsoft.net.native.compiler\2.2.1\tools\ARM64\ilc\tools\link\link.exe /out:""C:\Users\lpp\source\repos\hs_autonet\homeCenterGUI\obj\ARM64\Debug\ilc\intermediate\Native\homeCenterGUI.exe"" /entry:wmain /MACHINE:arm64 /subsystem:windows /appcontainer ""C:\Program Files (x86)\Microsoft SDKs\UWPNuGetPackages\runtime.win10-arm64.microsoft.net.native.compiler\2.2.1\tools\ARM64\ilc\Tools\shimExe.lib"" ""C:\Users\lpp\source\repos\hs_autonet\homeCenterGUI\obj\ARM64\Debug\ilc\intermediate\Native\homeCenterGUI.lib"" ""C:\Program Files (x86)\Microsoft SDKs\UWPNuGetPackages\runtime.win10-arm64.microsoft.net.native.compiler\2.2.1\tools\ARM64\ilc\tools\link\kernel32.lib"" ""@C:\Users\lpp\source\repos\hs_autonet\homeCenterGUI\obj\ARM64\Debug\ilc\intermediate\MDIL\shimExe.linkargs.rsp""'"
"Message",Low,"Microsoft (R) Incremental Linker Version 14.15.26727.0"
"Message",Low,"Copyright (C) Microsoft Corporation.  All rights reserved."
"Message",Low,"/stack:1048576 "
"Message",Low,"LINK : warning LNK4001: no object files specified; libraries used"
"Message",Normal,"'C:\Program Files (x86)\Microsoft SDKs\UWPNuGetPackages\runtime.win10-arm64.microsoft.net.native.compiler\2.2.1\tools\ARM64\ilc\tools\link\link.exe /out:""C:\Users\lpp\source\repos\hs_autonet\homeCenterGUI\obj\ARM64\Debug\ilc\intermediate\Native\homeCenterGUI.exe"" /entry:wmain /MACHINE:arm64 /subsystem:windows /appcontainer ""C:\Program Files (x86)\Microsoft SDKs\UWPNuGetPackages\runtime.win10-arm64.microsoft.net.native.compiler\2.2.1\tools\ARM64\ilc\Tools\shimExe.lib"" ""C:\Users\lpp\source\repos\hs_autonet\homeCenterGUI\obj\ARM64\Debug\ilc\intermediate\Native\homeCenterGUI.lib"" ""C:\Program Files (x86)\Microsoft SDKs\UWPNuGetPackages\runtime.win10-arm64.microsoft.net.native.compiler\2.2.1\tools\ARM64\ilc\tools\link\kernel32.lib"" ""@C:\Users\lpp\source\repos\hs_autonet\homeCenterGUI\obj\ARM64\Debug\ilc\intermediate\MDIL\shimExe.linkargs.rsp""' completed."
"Message",Normal,"Process execution statistics (all times in milliseconds)"
"Message",Normal,"-----------------------------------------------------------------------------"
"Message",Normal,"launch  |  start   |   stop   |   end    | duration | lifetime | [slot] name"
"Message",Normal,"-----------------------------------------------------------------------------"
"Message",Normal,"       0 |       15 |       47 |       47 |       32 |       47 | [0] C:\Program Files (x86)\Microsoft SDKs\UWPNuGetPackages\runtime.win10-arm64.microsoft.net.native.compiler\2.2.1\tools\ARM64\ilc\tools\link\link.exe /out:""C:\Users\lpp\source\repos\hs_autonet\homeCenterGUI\obj\ARM64\Debug\ilc\intermediate\Native\homeCenterGUI.exe"" /entry:wmain /MACHINE:arm64 /subsystem:windows /appcontainer ""C:\Program Files (x86)\Microsoft SDKs\UWPNuGetPackages\runtime.win10-arm64.microsoft.net.native.compiler\2.2.1\tools\ARM64\ilc\Tools\shimExe.lib"" ""C:\Users\lpp\source\repos\hs_autonet\homeCenterGUI\obj\ARM64\Debug\ilc\intermediate\Native\homeCenterGUI.lib"" ""C:\Program Files (x86)\Microsoft SDKs\UWPNuGetPackages\runtime.win10-arm64.microsoft.net.native.compiler\2.2.1\tools\ARM64\ilc\tools\link\kernel32.lib"" ""@C:\Users\lpp\source\repos\hs_autonet\homeCenterGUI\obj\ARM64\Debug\ilc\intermediate\MDIL\shimExe.linkargs.rsp"""
"Message",Normal,"Number of commands:      1"
"Message",Normal,"Total system time:       47 ms"
"Message",Normal,"System time per command: 47 ms"
"Message",Normal,"Total duration:          32 ms"
"Message",Normal,"Total lifetime:          47 ms"
"Message",Normal,"Requested DOP:           8"
"Message",Normal,"Duration DOP:            0.7"
"Message",Normal,"Lifetime DOP:            1.0"
"Message",Low,"Done executing task ""LINK""."
"Message",Low,"Done building target ""Link"" in file ""Binder""."
"Message",Low,"Done building project ""Binder""."
"Message",Low,""
"Message",Low,""
"Message",Low,"Done building target ""CopyNativeExecutablesToOutput"" in file ""Deployment""."
"Message",Low,""
"Message",Low,"Task ""TransformAppxManifest"""
"Message",Low,"Done executing task ""TransformAppxManifest""."
"Message",Low,"Done building target ""TransformAppxManifestAndAddCrt"" in file ""Deployment""."
"Message",Low,""
"Message",Low,"Done building target ""CopyPackageResourceFileInRetailBuild"" in file ""Deployment""."
"Message",Low,"Done building project ""Deployment""."
"Message",Low,"Compilation finished"
